size,time,name
61042,sep 26 21:11,0011898456.tif
107076,sep 26 21:11,0060000673.tif
72666,sep 26 21:11,0060140228.tif
126686,sep 26 21:11,0060352267.tif
263120,sep 26 21:11,03747860.tif
155970,sep 26 21:11,04303523-a.tif
328452,sep 26 21:11,1001894221.tif
103278,sep 26 21:11,1005103556.tif
103905,apr 29 03:53,123635_800.jpg
366117,apr 29 03:53,14440115_original.jpg
167482,sep 26 21:11,2000457615_2000457620.tif
101170,sep 26 21:11,2023382980_2023382987.tif
133746,sep 26 21:11,2024090592.tif
133014,sep 26 21:11,2024298010_8018.tif
90920,sep 26 21:11,2028703073.tif
98370,sep 26 21:11,2031309105.tif
80088,sep 26 21:11,2031513374.tif
96446,sep 26 21:11,2041158002.tif
189030,sep 26 21:11,2046109202.tif
114964,sep 26 21:11,2062498262.tif
155090,sep 26 21:11,2063195729.tif
181542,sep 26 21:11,2063196920.tif
38512,sep 26 21:11,2072341081d_1082.tif
71452,sep 26 21:11,2075165787.tif
74006,sep 26 21:11,2076160631.tif
32108,sep 26 21:11,2078772581.tif
96572,sep 26 21:11,2083513848.tif
68686,sep 26 21:11,2083822795.tif
291562,sep 26 21:11,2084511715_1716.tif
87150,sep 26 21:11,2085112782b_2783.tif
24658,sep 26 21:11,2085779941.tif
38930,sep 26 21:11,2500122743.tif
128584,sep 26 21:11,2501033072.tif
66946,sep 26 21:11,2501741170_1183.tif
129840,sep 26 21:11,2501855195_5202.tif
45824,sep 26 21:11,2505402423.tif
121369,apr 29 03:53,2749688_600.jpg
121664,apr 29 03:53,2749851_600.jpg
502760,apr 29 03:53,27706_2000.jpg
185958,sep 26 21:11,40002609-2610.tif
237800,sep 26 21:11,40005199-5206.tif
105538,sep 26 21:11,501859325.tif
114694,sep 26 21:11,50308888-8889.tif
176170,sep 26 21:11,50313867-3869.tif
146450,sep 26 21:11,50491022-1023.tif
109124,sep 26 21:11,50536499-6500.tif
202370,sep 26 21:11,50546182-6182.tif
251828,sep 26 21:11,50649664-9664.tif
45786,sep 26 21:11,50684262-4263.tif
122036,sep 26 21:11,507710669_507710670.tif
163046,sep 26 21:11,507995262.tif
160188,sep 26 21:11,513327776_513327782.tif
90856,sep 26 21:11,518079699+-9712.tif
96730,sep 26 21:11,518623059+-3062.tif
88402,sep 26 21:11,519689266+-9274.tif
87316,sep 26 21:11,522738348+-8349.tif
120916,sep 26 21:11,527802957+-2958.tif
66340,sep 26 21:11,528339733+-9733.tif
218539,apr 29 03:53,619379_600.png
92884,sep 26 21:11,71329566.tif
272968,apr 29 03:53,7393344_original.jpg
236024,apr 29 03:53,7644560_original.jpg
103724,apr 29 03:53,76845_original.jpg
32648,apr 29 03:53,77599_original.jpg
3068287,sep 26 18:31,CA01_01.tif
3040953,sep 26 18:36,CA06_02.tif
2949385,sep 26 18:37,CS06_04.tif
11338525,sep 26 18:40,CS10.mp4
2902618,sep 26 20:25,HS18_03.tif
2987035,sep 26 18:40,KA10_04.tif
3012234,sep 26 18:38,KS07_07.tif
137070,sep 26 21:11,PUBLICATIONS003667-3.tif
3112511,sep 26 20:23,TA14_02.tif
689466,apr 29 03:53,XqJIoh9Q8MA.jpg
